{"cameraMode":{"drawMode":0,"name":"Shaded","section":"Shading Mode"},"sceneLighting":true,"audioPlay":false,"sceneViewState":{"m_AlwaysRefresh":true,"showFog":true,"showSkybox":true,"showFlares":true,"showImageEffects":true,"showParticleSystems":true,"showVisualEffectGraphs":true,"m_FxEnabled":true},"in2DMode":false,"pivot":{"x":-4.4419755935668949,"y":-2.90377140045166,"z":12.695425987243653},"rotation":{"x":0.054172664880752566,"y":-0.021556390449404718,"z":0.0011698453454300762,"w":0.9983025789260864},"size":18.485107421875,"orthographic":false}